[

	  {
		"label": "Account Info.",
		"children": [
		  {
			"label": "Inventory",
			"path": "inventory"
		  },
		  {
			"label": "Sanctuary",
			"path": "sanctuary"
		  },
		  {
			"label": "Resources",
			"path": "resources"
		  }
		]
	  },
	  {
		"label": "Event Info.",
		"children": [
		  {
			"label": "Alliance Events",
			"path": "allianceevents"
		  },
		  {
			"label": "Update All. Events",
			"path": "updateallevents"
		  },
		  {
			"label": "Ind. Events",
			"path": "events"
		  }
		]
	  }
]